forecast_lead_days,case_count,mean_score_bias,mean_score_mae,mean_score_rmse,mean_exact_category_agreement,mean_near_category_agreement,pass_rate,lead_label
1,6,-0.25999999999999995,6.81,8.99,0.6849,0.9466666666666667,0.8333333333333334,D+1
2,6,-0.5516666666666667,7.815,10.14,0.6443166666666666,0.9557166666666667,0.6666666666666666,D+2
3,6,-0.47666666666666674,8.353333333333333,10.911666666666667,0.6516166666666666,0.9475166666666667,0.6666666666666666,D+3
7,6,-1.0966666666666667,9.875,13.065,0.5938,0.9188000000000001,0.8333333333333334,D+7
